prompt_id,category,trial,status,tokens_generated,ttft,latency,tokens_per_second,cpu_usage,memory_usage,duration,error,response,timestamps
sqa_01,short_qa,0,success,64,0.0,0.0,18.2589555255463,0.0,32.7578125,3.50512930000059,," The capital of France is Paris. It is located on the Seine River and is the most populous city in France and the second most populous in the European Union. Paris is known for its historic landmarks, such as the Eiffel Tower, Notre Dame Cathedral, and the Louvre Museum, as well as its cultural",[]
sqa_02,short_qa,0,success,64,0.0,0.0,19.285697539876825,0.0,32.89453125,3.318521399999554,," The speed of light in a vacuum is approximately 299,792,458 meters per second. This value is a fundamental constant in physics and is denoted by the symbol \( c \). It is also known as the speed of light in a vacuum, the speed of electromagnetic waves, and",[]
sqa_03,short_qa,0,success,64,0.0,0.0,20.008050113915512,0.0,32.90234375,3.1987124999996013,," Photosynthesis is the process by which plants use sunlight to convert carbon dioxide and water into glucose and oxygen. The balanced chemical equation for photosynthesis is:

6CO2 + 6H2O + light energy → C6H12O6 + 6O2

This equation shows that six molecules of carbon",[]
sqa_04,short_qa,0,success,64,0.0,0.0,19.01525745633283,0.0,32.91015625,3.3657183000004807,," The largest ocean on Earth is the Pacific Ocean, which covers approximately 165 million square kilometers (63.8 million square miles) of the Earth's surface. This is about 29.7% of the Earth's total surface area. The Pacific Ocean is also the deepest ocean, with the Mar",[]
sqa_05,short_qa,0,success,64,0.0,0.0,19.614433562893,0.0,32.91015625,3.262903300000289,," To convert the decimal number 255 to binary, we can use the method of repeated division by 2, keeping track of the remainders. Here are the steps:

1. Divide 255 by 2. The quotient is 127 and the remainder is 1.
2. Divide",[]
sqa_06,short_qa,0,success,64,0.0,0.0,19.51658456842819,0.0,32.91015625,3.279262299999573,, 1. 200 OK: This status code indicates that the request was successful and the server has fulfilled the request. 2. 404 Not Found: This status code indicates that the requested resource could not be found on the server. 3. 500 Internal Server Error: This,[]
code_01,coding,0,success,64,0.0,0.0,16.8603961307898,0.0,32.91015625,3.7958776000004946,," Additionally, implement a check function that verifies the correctness of the main function using provided data points.

```python
def fizzbuzz():
    """"""
    Prints numbers from 1 to 100. For multiples of 3, prints 'Fizz'. For multiples of 5, prints 'Buzz'.
    For multiples of",[]
code_02,coding,0,success,64,0.0,0.0,17.900988791882117,0.0,32.91015625,3.575221500000225,," 

```python
def binary_search(sorted_list: List[int], target: int) -> int:
    """"""
    Perform a binary search on a sorted list to find the index of a target value.
    
    :param sorted_list: A list of integers sorted in ascending order.
    :param target: The integer value",[]
code_03,coding,0,success,64,0.0,0.0,17.495333119887384,0.0,32.94921875,3.6581184000006033,," The class should also include a method to clear the cache. Additionally, implement a method to retrieve the value of a key from the cache, and a method to add a key-value pair to the cache. The class should also include a method to check if a key is in the cache. The class should also include a",[]
code_04,coding,0,success,64,0.0,0.0,17.40853453949743,0.0,32.94921875,3.6763577000001533,," If there are multiple departments with the same highest average salary, return all of them. 

For example, if the 'employees' table has the following data:

| id | name | department_id | salary |
|----|------|--------------|--------|
| 1  | John | 1            | 5",[]
code_05,coding,0,success,64,0.0,0.0,18.19615333886827,0.0,32.95703125,3.5172269000004235,," Additionally, the function should be able to handle email addresses with multiple domains, such as user@subdomain.example.com. The function should also be able to handle email addresses with special characters like @ and . within the domain. 

The function should also be able to handle email addresses with multiple subdomains, such as user",[]
math_01,math,0,success,64,0.0,0.0,17.602206524600895,0.0,32.95703125,3.635907799999586,," To find the derivative of f(x) = 3x^4 - 2x^3 + 7x - 5, we will use the power rule for differentiation. The power rule states that if f(x) = x^n, then f'(x) = nx^(n-1).

Let's",[]
math_02,math,0,success,64,0.0,0.0,18.615915956586125,0.0,32.95703125,3.437918399999944,," To determine the probability that the sum of the numbers rolled on two fair six-sided dice is 7, we can follow these steps:

1. **Identify the total number of possible outcomes:**
   Each die has 6 faces, and each face can land on any of the numbers 1 through 6.",[]
math_03,math,0,success,64,0.0,0.0,19.333789046851866,0.0,32.95703125,3.310266800000136,," To find the 20th number in the Fibonacci sequence, we start by recalling the definition of the Fibonacci sequence. The Fibonacci sequence is defined as follows:
\[ F_1 = 1, \]
\[ F_2 = 1, \]
\[ F_n = F_{n-1} + F",[]
math_04,math,0,success,64,0.0,0.0,17.506120714221296,0.0,32.95703125,3.6558641999999963,," To multiply two matrices, you multiply the elements of each row of the first matrix by the elements of each column of the second matrix and then add the products. Here's the step-by-step calculation for multiplying matrix A and matrix B:

Matrix A:
[[1, 2],
 [3, 4]]

Matrix B",[]
math_05,math,0,success,64,0.0,0.0,17.279670165656206,0.0,32.95703125,3.7037743999999293,," To calculate the future value of an investment with compound interest, we use the formula:

\[ A = P \left(1 + \frac{r}{n}\right)^{nt} \]

where:
- \( A \) is the amount of money accumulated after n years, including interest.
- \( P \",[]
reason_01,reasoning,0,success,64,0.0,0.0,18.18564646705616,0.0,32.95703125,3.5192589999996926,," To determine whether we can logically conclude that some roses wilt quickly, let's break down the given statements and analyze them step by step.

1. **Statement 1**: All roses are flowers.
   - This means that if something is a rose, it must also be a flower. In logical terms, this can be",[]
reason_02,reasoning,0,success,64,0.0,0.0,16.68744209750899,0.0,32.89453125,3.8352193000000625,," To identify the odd ball and determine whether it is heavier or lighter, we can follow these steps:

1. **Divide the balls into three groups**: Label the balls as \(A_1, A_2, A_3, A_4, A_5, A_6, A_7,",[]
reason_03,reasoning,0,success,64,0.0,0.0,16.10864434909645,0.0,32.89453125,3.97302209999998,," To determine when the two trains will meet and how far each train will have traveled, we can follow these steps:

1. **Calculate the relative speed of the trains:**
   Since the trains are traveling towards each other, their relative speed is the sum of their individual speeds.
   \[
   \text{Relative",[]
reason_04,reasoning,0,success,64,0.0,0.0,15.929363626401507,0.0,32.89453125,4.017737400000442,," To determine who owns which pet, we need to analyze the given clues step by step.

1. Alice does not own the cat.
2. Bob does not own the fish.
3. The dog owner's name starts with a letter after 'C' in the alphabet.

Let's start by listing the names of the",[]
reason_05,reasoning,0,success,64,0.0,0.0,16.697300560463137,0.0,32.89453125,3.8329549000000043,," To determine whether the installation of streetlights caused a reduction in crime, we need to consider several alternative explanations. Here are the steps to evaluate the situation:

1. **Identify the Variables:**
   - **Independent Variable:** The installation of streetlights.
   - **Dependent Variable:** The crime rate.
  ",[]
long_01,long_generation,0,success,64,0.0,0.0,17.29504426720537,0.0,32.89453125,3.700482000000193,," Photosynthesis is a crucial process that occurs in plants, algae, and some bacteria, where they convert light energy into chemical energy. This process is essential for life on Earth as it provides the energy needed for the growth and survival of plants, animals, and other organisms. The process of photosynthesis can be divided into two",[]
long_02,long_generation,0,success,64,0.0,0.0,16.77093866760231,0.0,32.89453125,3.8161251000001357,," It should also include at least one character who is skeptical of the AI's abilities and one who is initially skeptical but later becomes convinced of the AI's capabilities. The story should also include at least one plot twist that challenges the programmer's beliefs about AI. The tone should be humorous and lighthearted, but",[]
long_03,long_generation,0,success,64,0.0,0.0,16.690089729832515,0.0,32.8984375,3.8346109000003707,," Additionally, provide a detailed explanation of the data structure and validation rules for the request body. The API should be designed to handle concurrent requests and ensure data consistency across multiple users. The API should also be designed to handle errors and exceptions gracefully and provide meaningful error messages to the user. Finally, the API should be designed to",[]
long_04,long_generation,0,success,64,0.0,0.0,17.114747240184936,0.0,32.8984375,3.739465100000416,," TCP (Transmission Control Protocol) and UDP (User Datagram Protocol) are two of the most widely used protocols in the internet. They both provide reliable data transfer, but they differ in their approach to achieving this goal. TCP is a connection-oriented protocol, while UDP is a connectionless protocol. TCP uses a three-way handshake",[]
chat_01,chat,0,success,64,0.0,0.0,17.629725303537814,0.0,32.8984375,3.6302323999998407,," Here is the code I am using:

```python
a = 10
b = ""10""
c = a + b
print(c)
```

And here is the error message I am receiving:

```python
TypeError: can only concatenate str (not ""int"") to str
```

The",[]
chat_02,chat,0,success,64,0.0,0.0,17.479639224614594,0.0,32.90234375,3.66140280000036,," Yes, I can! Here's a simple recipe for you:
Ingredients:
- 1 chicken breast
- 2 cloves of garlic
- 1/4 cup of olive oil
- 1 pound of pasta
- 1 cup of vegetables (such as broccoli, carrots, and bell peppers)
Instructions:
",[]
chat_03,chat,0,success,64,0.0,0.0,17.634398362823582,0.0,32.90234375,3.6292703999997684,," Additionally, I would like to know the best time to visit each city and any specific events or festivals that I should attend. Please provide a detailed plan that includes transportation options, accommodation suggestions, and any other relevant information. Sure, here's a suggested itinerary for your trip to Tokyo and Kyoto:
Day 1: Tokyo",[]
chat_04,chat,0,success,64,0.0,0.0,17.682781455105367,0.0,32.90234375,3.619340100000045,," The file is named ""data.csv"" and is located in the same directory as the script. Here is the code I am using:

```python
import csv
with open('data.csv', newline='') as csvfile:
    reader = csv.reader(csvfile, delimiter=' ', quotechar='|')
    for row in",[]
sum_01,summarization,0,success,64,0.0,0.0,17.65724306042083,0.0,32.90234375,3.6245748999999705,," Cloud computing is a model of computing where computing resources are provided over the internet. The main service models are Infrastructure as a Service (IaaS), Platform as a Service (PaaS), and Software as a Service (SaaS). The key benefits for a small business include cost savings, scalability, flexibility, and accessibility.",[]
sum_02,summarization,0,success,64,0.0,0.0,17.858148374536018,0.0,32.90234375,3.583798200000274,," Transformers are a type of neural network that are used to process natural language. They are called ""transformers"" because they use a special type of attention mechanism to process the input data. The attention mechanism allows the network to focus on different parts of the input data, which makes it more flexible and powerful than other types of",[]
sqa_01,short_qa,1,success,64,0.0,0.0,20.087529526706614,0.0,32.90234375,3.1860563000000184,," The capital of France is Paris. It is located on the Seine River and is the most populous city in France and the second most populous in the European Union. Paris is known for its historic landmarks, such as the Eiffel Tower, Notre Dame Cathedral, and the Louvre Museum, as well as its cultural",[]
sqa_02,short_qa,1,success,64,0.0,0.0,19.672006181931025,0.0,32.90234375,3.25335399999949,," The speed of light in a vacuum is approximately 299,792,458 meters per second. This value is a fundamental constant in physics and is denoted by the symbol \( c \). It is also known as the speed of light in a vacuum, the speed of electromagnetic waves, and",[]
sqa_03,short_qa,1,success,64,0.0,0.0,20.025734946821004,0.0,32.90234375,3.19588769999973,," Photosynthesis is the process by which plants use sunlight to convert carbon dioxide and water into glucose and oxygen. The balanced chemical equation for photosynthesis is:

6CO2 + 6H2O + light energy → C6H12O6 + 6O2

This equation shows that six molecules of carbon",[]
sqa_04,short_qa,1,success,64,0.0,0.0,18.822746053366455,0.0,32.91796875,3.400141499999336,," The largest ocean on Earth is the Pacific Ocean, which covers approximately 165 million square kilometers (63.8 million square miles) of the Earth's surface. This is about 29.7% of the Earth's total surface area. The Pacific Ocean is also the deepest ocean, with the Mar",[]
sqa_05,short_qa,1,success,64,0.0,0.0,19.688827919151734,0.0,32.91796875,3.250574400000005,," To convert the decimal number 255 to binary, we can use the method of repeated division by 2, keeping track of the remainders. Here are the steps:

1. Divide 255 by 2. The quotient is 127 and the remainder is 1.
2. Divide",[]
sqa_06,short_qa,1,success,64,0.0,0.0,19.776065719815982,0.0,32.91796875,3.2362352000009196,, 1. 200 OK: This status code indicates that the request was successful and the server has fulfilled the request. 2. 404 Not Found: This status code indicates that the requested resource could not be found on the server. 3. 500 Internal Server Error: This,[]
code_01,coding,1,success,64,0.0,0.0,20.60243516276485,0.0,32.90234375,3.1064289000005374,," Additionally, implement a check function that verifies the correctness of the main function with provided data points.

```python
def fizzbuzz():
    """"""
    Prints numbers from 1 to 100. For multiples of 3, prints 'Fizz'. For multiples of 5, prints 'Buzz'.
    For multiples of",[]
code_02,coding,1,success,64,0.0,0.0,20.74134761721229,0.0,32.90234375,3.0856239999993704,," 

```python
def binary_search(sorted_list: List[int], target: int) -> int:
    """"""
    Perform a binary search on a sorted list to find the index of a target value.
    
    :param sorted_list: A list of integers sorted in ascending order.
    :param target: The integer value",[]
code_03,coding,1,success,64,0.0,0.0,20.725598004743638,0.0,32.90234375,3.0879688000004535,," Include a method to clear the cache. The class should also include a method to retrieve the size of the cache. Implement the class with the following methods:

1. `__init__(self, capacity: int)`: Initializes the LRU cache with the given capacity.
2. `get(self, key: int)",[]
code_04,coding,1,success,64,0.0,0.0,20.777144413939144,0.0,32.90234375,3.08030780000081,," If there are multiple departments with the same highest average salary, return all of them. 

For example, if the 'employees' table has the following data:
employees table:
| id | name | department_id | salary |
|----|------|--------------|--------|
| 1  | John | 1           ",[]
code_05,coding,1,success,64,0.0,0.0,20.570526113062567,0.0,32.90234375,3.1112475999998424,," Additionally, the function should be able to handle email addresses with multiple domains, such as user@subdomain.example.com. The function should also be able to handle email addresses with special characters and symbols, such as user@subdomain.example.com.

Your function should return `True` if the email address is valid and `",[]
math_01,math,1,success,64,0.0,0.0,20.74783227297311,0.0,32.90234375,3.0846595999992132,," To find the derivative of f(x) = 3x^4 - 2x^3 + 7x - 5, we will use the power rule for differentiation. The power rule states that if f(x) = x^n, then f'(x) = nx^(n-1).

Let's",[]
math_02,math,1,success,64,0.0,0.0,20.75808998716735,0.0,32.90625,3.0831352999994124,," To determine the probability that the sum of the numbers rolled on two fair six-sided dice is 7, we can follow these steps:

1. **Identify the total number of possible outcomes:**
   Each die has 6 faces, and each face can land on any of the numbers 1 through 6.",[]
math_03,math,1,success,64,0.0,0.0,19.058095895512892,0.0,32.90625,3.3581529000002774,," To find the 20th number in the Fibonacci sequence, we start by recalling the definition of the Fibonacci sequence. The Fibonacci sequence is defined as follows:
\[ F_1 = 1, \]
\[ F_2 = 1, \]
\[ F_n = F_{n-1} + F",[]
math_04,math,1,success,64,0.0,0.0,20.01589324473403,0.0,32.91015625,3.1974590999998327,," To multiply two matrices, you need to multiply the elements of each row of the first matrix by the elements of each column of the second matrix and then add the results. Here's the step-by-step calculation for multiplying matrix A and matrix B:

Matrix A = [[1, 2], [3, 4]]
",[]
math_05,math,1,success,64,0.0,0.0,20.705856836022704,0.0,32.91015625,3.090912899999239,," To calculate the future value of an investment with compound interest, we use the formula:

\[ A = P \left(1 + \frac{r}{n}\right)^{nt} \]

where:
- \( A \) is the amount of money accumulated after n years, including interest.
- \( P \",[]
reason_01,reasoning,1,success,64,0.0,0.0,20.333909481952755,0.0,32.91015625,3.147451799999544,," To determine whether we can logically conclude that some roses wilt quickly, let's break down the given statements and analyze them step by step.

1. **Statement 1**: All roses are flowers.
   - This means that if something is a rose, it must also be a flower. In logical terms, this can be",[]
reason_02,reasoning,1,success,64,0.0,0.0,20.685693906617995,0.0,32.91015625,3.0939256999990903,," To identify the odd ball and determine whether it is heavier or lighter, we can follow these steps:

1. **Divide the balls into three groups of 4 balls each.**
   - Label the groups as A, B, and C.

2. **Weigh group A against group B.**
   -",[]
reason_03,reasoning,1,success,64,0.0,0.0,20.586654681799338,0.0,32.91015625,3.1088101000004826,," To determine when the two trains will meet and how far each train will have traveled, we can follow these steps:

1. **Calculate the combined speed of the two trains:**
   Train A travels at 60 km/h and Train B travels at 90 km/h. Therefore, their combined speed is:
",[]
reason_04,reasoning,1,success,64,0.0,0.0,20.519128829605393,0.0,32.91015625,3.1190408000002208,," To determine who owns which pet, we need to analyze the given clues step by step.

1. Alice does not own the cat.
2. Bob does not own the fish.
3. The dog owner's name starts with a letter after 'C' in the alphabet.

Let's start by listing the names of the",[]
reason_05,reasoning,1,success,64,0.0,0.0,20.67275141110103,0.0,32.91015625,3.095862699999998,," To determine whether the installation of streetlights caused a reduction in crime, we need to consider several alternative explanations. Here are the steps to evaluate the situation:

1. **Identify the Variables:**
   - **Independent Variable:** The installation of streetlights.
   - **Dependent Variable:** The crime rate.
  ",[]
long_01,long_generation,1,success,64,0.0,0.0,20.753248896790556,0.0,32.91015625,3.083854500000598,," Photosynthesis is a crucial process that allows plants, algae, and some bacteria to convert light energy into chemical energy. This process is essential for life on Earth as it provides the primary source of energy for most ecosystems. The process of photosynthesis can be divided into two main stages: the light-dependent reactions and the Calvin cycle",[]
long_02,long_generation,1,success,64,0.0,0.0,20.132175913567696,0.0,32.91015625,3.178990700000213,, It should also include at least one character who is skeptical of the AI's abilities and one who is initially skeptical but later becomes convinced of the AI's capabilities. The story should also include at least one plot twist that challenges the programmer's beliefs about the AI's abilities. The tone should be humorous and lightheart,[]
long_03,long_generation,1,success,64,0.0,0.0,19.946938028139726,0.0,32.91015625,3.208512499999415,," Additionally, provide a detailed explanation of the expected input and output formats for each request and response. The API should also include error handling for common issues such as invalid input, database errors, and authentication issues. Finally, provide a comprehensive list of all the dependencies required to run the API, including any external libraries or frameworks that",[]
long_04,long_generation,1,success,64,0.0,0.0,20.353489224099086,0.0,32.91015625,3.144424000000072,," TCP (Transmission Control Protocol) and UDP (User Datagram Protocol) are two of the most widely used protocols in the internet. Both protocols are used to transfer data between two computers, but they differ in several ways. In this article, we will compare TCP and UDP protocols in detail.

TCP is a connection-oriented protocol,",[]
chat_01,chat,1,success,64,0.0,0.0,20.712323337231872,0.0,32.91015625,3.08994789999997,," Here is the code I am using:

```python
a = 10
b = ""20""
c = a + b
print(c)
```

And here is the error message I am receiving:

```python
TypeError: can only concatenate str (not ""int"") to str
```

The",[]
chat_02,chat,1,success,64,0.0,0.0,20.7085896965051,0.0,32.91015625,3.090505000000121,," Sure, here's a simple recipe for you:
Ingredients:
- 2 chicken breasts
- 4 cloves of garlic
- 2 tablespoons of olive oil
- 1 pound of pasta
- 1 cup of vegetables (such as broccoli, carrots, and bell peppers)
- Salt and pepper to taste
",[]
chat_03,chat,1,success,64,0.0,0.0,20.797238074788638,0.0,32.91015625,3.077331700000286,," Additionally, I am interested in learning about the local customs and etiquette. Can you provide me with a detailed itinerary that includes all these elements? Sure, here's a suggested itinerary for your 5-day trip to Tokyo and Kyoto:
Day 1: Tokyo
- Arrive in Tokyo and check into your hotel.
-",[]
chat_04,chat,1,success,64,0.0,0.0,20.783528637889475,0.0,32.91015625,3.0793615999991744,," The most common causes of this issue are:

1. The file path is incorrect: Make sure that the file path is correct and that the file is in the same directory as the script. You can check the file path by printing the value of the `filename` variable in the `open()` function.

2. The",[]
sum_01,summarization,1,success,64,0.0,0.0,20.57692422695227,0.0,32.91015625,3.1102802000004885,," Cloud computing is a model of computing where computing resources are delivered as a service over the internet. The main service models are Infrastructure as a Service (IaaS), Platform as a Service (PaaS), and Software as a Service (SaaS). Key benefits for a small business include cost savings, scalability, flexibility, and",[]
sum_02,summarization,1,success,64,0.0,0.0,20.33460206422902,0.0,32.9140625,3.1473445999999967,," Provide a simple example to illustrate the concept. Sure, let's break down the Transformer architecture in plain language, focusing on self-attention, encoder-decoder structure, and why it revolutionized Natural Language Processing (NLP).

### Self-Attention

Imagine you have a big box of toys, and you want to organize",[]
sqa_01,short_qa,2,success,64,0.0,0.0,19.993275386782624,0.0,32.9140625,3.2010762999998406,," The capital of France is Paris. It is located on the Seine River and is the most populous city in France and the second most populous in the European Union. Paris is known for its historic landmarks, such as the Eiffel Tower, Notre Dame Cathedral, and the Louvre Museum, as well as its cultural",[]
sqa_02,short_qa,2,success,64,0.0,0.0,19.702259455113445,0.0,32.9140625,3.248358400000143,," The speed of light in a vacuum is approximately 299,792,458 meters per second. This value is a fundamental constant in physics and is denoted by the symbol \( c \). It is also known as the speed of light in a vacuum, the speed of electromagnetic waves, and",[]
sqa_03,short_qa,2,success,64,0.0,0.0,20.003108608101147,0.0,32.9140625,3.199502699999357,," Photosynthesis is the process by which plants use sunlight to convert carbon dioxide and water into glucose and oxygen. The balanced chemical equation for photosynthesis is:

6CO2 + 6H2O + light energy → C6H12O6 + 6O2

This equation shows that six molecules of carbon",[]
sqa_04,short_qa,2,success,64,0.0,0.0,18.960206851119693,0.0,32.9140625,3.375490599999466,," The largest ocean on Earth is the Pacific Ocean, which covers approximately 165 million square kilometers (63.8 million square miles) of the Earth's surface. This is about 29.7% of the Earth's total surface area. The Pacific Ocean is also the deepest ocean, with the Mar",[]
sqa_05,short_qa,2,success,64,0.0,0.0,19.739076549246267,0.0,32.91796875,3.2422996000004787,," To convert the decimal number 255 to binary, we can use the method of repeated division by 2, keeping track of the remainders. Here are the steps:

1. Divide 255 by 2. The quotient is 127 and the remainder is 1.
2. Divide",[]
sqa_06,short_qa,2,success,64,0.0,0.0,19.901963549485913,0.0,32.91796875,3.2157631000009133,, 1. 200 OK: This status code indicates that the request was successful and the server has fulfilled the request. 2. 404 Not Found: This status code indicates that the requested resource could not be found on the server. 3. 500 Internal Server Error: This,[]
code_01,coding,2,success,64,0.0,0.0,19.930946743638476,0.0,32.91796875,3.2110867999999755,," Additionally, implement a check function that verifies the correctness of the main function with provided data points.

```python
def fizzbuzz():
    """"""
    Prints numbers from 1 to 100. For multiples of 3, prints 'Fizz'. For multiples of 5, prints 'Buzz'.
    For multiples of",[]
code_02,coding,2,success,64,0.0,0.0,20.025139685512258,0.0,32.91796875,3.195982700000968,," 

```python
def binary_search(sorted_list: List[int], target: int) -> int:
    """"""
    Perform a binary search on a sorted list to find the index of a target value.
    
    :param sorted_list: A list of integers sorted in ascending order.
    :param target: The integer value",[]
code_03,coding,2,success,64,0.0,0.0,20.632286078249308,0.0,32.91796875,3.101934500000425,," Include a method to clear the cache. The class should also include a method to retrieve the size of the cache. Implement the class with the following methods:

1. `__init__(self, capacity: int)`: Initializes the LRU cache with the given capacity.
2. `get(self, key: int)",[]
code_04,coding,2,success,64,0.0,0.0,20.43653394468381,0.0,32.91796875,3.131646499999988,," If there are multiple departments with the same highest average salary, return all of them. 

For example, if the 'employees' table has the following data:
employees table:
| id | name | department_id | salary |
|----|------|--------------|--------|
| 1  | John | 1           ",[]
code_05,coding,2,success,64,0.0,0.0,20.573145988260944,0.0,32.91796875,3.1108514000006835,," Additionally, the function should be able to handle email addresses with multiple domains, such as user@subdomain.example.com. The function should also be able to handle email addresses with special characters and symbols, such as user@subdomain.example.com.

Your function should return `True` if the email address is valid and `",[]
math_01,math,2,success,64,0.0,0.0,20.82653826845734,0.0,32.91796875,3.0730022999996436,," To find the derivative of f(x) = 3x^4 - 2x^3 + 7x - 5, we will use the power rule for differentiation. The power rule states that if f(x) = x^n, then f'(x) = nx^(n-1).

Let's",[]
math_02,math,2,success,64,0.0,0.0,20.804307531877672,0.0,32.91796875,3.076285999999527,," To determine the probability that the sum of the numbers rolled on two fair six-sided dice is 7, we can follow these steps:

1. **Identify the total number of possible outcomes:**
   Each die has 6 faces, and each face can land on any of the numbers 1 through 6.",[]
math_03,math,2,success,64,0.0,0.0,19.355096647562988,0.0,32.91796875,3.306622599999173,," To find the 20th number in the Fibonacci sequence, we start by recalling the definition of the Fibonacci sequence. The Fibonacci sequence is defined as follows:
\[ F_1 = 1, \]
\[ F_2 = 1, \]
\[ F_n = F_{n-1} + F",[]
math_04,math,2,success,64,0.0,0.0,20.645621487886153,0.0,32.91796875,3.0999308999998902,," To multiply two matrices, you need to multiply the elements of each row of the first matrix by the elements of each column of the second matrix and then add the results. Here's the step-by-step calculation for multiplying matrix A and matrix B:

Matrix A = [[1, 2], [3, 4]]
",[]
math_05,math,2,success,64,0.0,0.0,20.796804207090666,0.0,32.91796875,3.0773958999998285,," To calculate the future value of an investment with compound interest, we use the formula:

\[ A = P \left(1 + \frac{r}{n}\right)^{nt} \]

where:
- \( A \) is the amount of money accumulated after n years, including interest.
- \( P \",[]
reason_01,reasoning,2,success,64,0.0,0.0,20.739729102835206,0.0,32.921875,3.085864800001218,," To determine whether we can logically conclude that some roses wilt quickly, let's break down the given statements and analyze them step by step.

1. **Statement 1**: All roses are flowers.
   - This means that if something is a rose, it must also be a flower. In logical terms, this can be",[]
reason_02,reasoning,2,success,64,0.0,0.0,20.55429341132273,0.0,32.921875,3.113704699999289,," To identify the odd ball and determine whether it is heavier or lighter, we can follow these steps:

1. **Divide the balls into three groups of 4 balls each.**
   - Label the groups as A, B, and C.

2. **Weigh group A against group B.**
   -",[]
reason_03,reasoning,2,success,64,0.0,0.0,20.099066414068055,0.0,32.921875,3.1842274999999063,," To determine when the two trains will meet and how far each train will have traveled, we can follow these steps:

1. **Calculate the combined speed of the two trains:**
   Train A travels at 60 km/h and Train B travels at 90 km/h. Therefore, their combined speed is:
",[]
reason_04,reasoning,2,success,64,0.0,0.0,20.013411487376374,0.0,32.921875,3.197855599999457,," To determine who owns which pet, we need to analyze the given clues step by step.

1. Alice does not own the cat.
2. Bob does not own the fish.
3. The dog owner's name starts with a letter after 'C' in the alphabet.

Let's start by listing the names of the",[]
reason_05,reasoning,2,success,64,0.0,0.0,20.672423549010606,0.0,32.921875,3.0959118000009767,," To determine whether the installation of streetlights caused a reduction in crime, we need to consider several alternative explanations. Here are the steps to evaluate the situation:

1. **Identify the Variables:**
   - **Independent Variable:** The installation of streetlights.
   - **Dependent Variable:** The crime rate.
  ",[]
long_01,long_generation,2,success,64,0.0,0.0,20.6731213535147,0.0,32.921875,3.0958073000001605,," Photosynthesis is a crucial process that allows plants, algae, and some bacteria to convert light energy into chemical energy. This process is essential for life on Earth as it provides the primary source of energy for most ecosystems. The process of photosynthesis can be divided into two main stages: the light-dependent reactions and the Calvin cycle",[]
long_02,long_generation,2,success,64,0.0,0.0,20.725930911656203,0.0,32.921875,3.0879192000011244,, It should also include at least one character who is skeptical of the AI's abilities and one who is initially skeptical but later becomes convinced of the AI's capabilities. The story should also include at least one plot twist that challenges the programmer's beliefs about the AI's abilities. The tone should be humorous and lightheart,[]
long_03,long_generation,2,success,64,0.0,0.0,20.095563194804082,0.0,32.921875,3.18478259999938,," Additionally, provide a detailed explanation of the expected input and output formats for each request and response. The API should also include error handling for common issues such as invalid input, database errors, and authentication issues. Finally, provide a comprehensive list of all the dependencies required to run the API, including any external libraries or frameworks that",[]
long_04,long_generation,2,success,64,0.0,0.0,20.6647654867129,0.0,32.92578125,3.097059100000479,," TCP (Transmission Control Protocol) and UDP (User Datagram Protocol) are two of the most widely used protocols in the internet. Both protocols are used to transfer data between two computers, but they differ in several ways. In this article, we will compare TCP and UDP protocols in detail.

TCP is a connection-oriented protocol,",[]
chat_01,chat,2,success,64,0.0,0.0,20.702201866782932,0.0,32.92578125,3.0914585999998963,," Here is the code I am using:

```python
a = 10
b = ""20""
c = a + b
print(c)
```

And here is the error message I am receiving:

```python
TypeError: can only concatenate str (not ""int"") to str
```

The",[]
chat_02,chat,2,success,64,0.0,0.0,20.669182881311905,0.0,32.9296875,3.0963972000008653,," Sure, here's a simple recipe for you:
Ingredients:
- 2 chicken breasts
- 4 cloves of garlic
- 2 tablespoons of olive oil
- 1 pound of pasta
- 1 cup of vegetables (such as broccoli, carrots, and bell peppers)
- Salt and pepper to taste
",[]
chat_03,chat,2,success,64,0.0,0.0,20.109334451403722,0.0,32.9296875,3.1826016000013624,," Additionally, I am interested in learning about the local customs and etiquette. Can you provide me with a detailed itinerary that includes all these elements? Sure, here's a suggested itinerary for your 5-day trip to Tokyo and Kyoto:
Day 1: Tokyo
- Arrive in Tokyo and check into your hotel.
-",[]
chat_04,chat,2,success,64,0.0,0.0,20.581282963217426,0.0,33.0546875,3.1096214999997756,," The most common causes of this issue are:

1. The file path is incorrect: Make sure that the file path is correct and that the file is in the same directory as the script. You can check the file path by printing the value of the `filename` variable in the `open()` function.

2. The",[]
sum_01,summarization,2,success,64,0.0,0.0,20.724314131251816,0.0,33.0546875,3.0881601000000956,," Cloud computing is a model of computing where computing resources are delivered as a service over the internet. The main service models are Infrastructure as a Service (IaaS), Platform as a Service (PaaS), and Software as a Service (SaaS). Key benefits for a small business include cost savings, scalability, flexibility, and",[]
sum_02,summarization,2,success,64,0.0,0.0,20.793126520126876,0.0,33.0546875,3.0779402000007394,," Provide a simple example to illustrate the concept. Sure, let's break down the Transformer architecture in plain language, focusing on self-attention, encoder-decoder structure, and why it revolutionized Natural Language Processing (NLP).

### Self-Attention

Imagine you have a big box of toys, and you want to organize",[]
